,epoch,train_loss,val_loss
0,1,0.00833834364668143,0.0
1,2,0.0007980456854910495,0.0
